Comment Date,Comment
"Jul 1, 2025, 2:22:46 PM",Woooow! ğŸ‰
"Jul 7, 2025, 12:04:27 PM",IMPRESSIVE!!! 
"Jul 7, 2025, 9:48:45 PM",Delia Tuttlebee itâ€™s just me running faster to get out of the humidity sooner! 
"Jul 16, 2025, 12:27:48 PM",Ah? 
"Jul 30, 2025, 12:34:16 AM",ğŸ’ªğŸ¼ğŸ’ªğŸ¼ğŸ’ªğŸ¼
"Aug 17, 2025, 1:01:04 AM",Wooow!! I want to be like you when I grow up!
"Aug 17, 2025, 1:02:24 AM",Nice!! 
"Sep 12, 2025, 3:09:14 PM",So fun! 
"Sep 19, 2025, 12:36:02 PM",I canâ€™t ğŸ˜‚ğŸ˜‚ğŸ˜‚
"Sep 25, 2025, 6:35:51 PM","Wait, weâ€™re running on Saturday, no? "
"Sep 27, 2025, 2:12:49 PM",WOOOOW
"Sep 28, 2025, 5:17:30 PM",Best running partner! 
"Oct 3, 2025, 10:17:35 PM",Missed the endorphins? 
"Oct 6, 2025, 9:37:45 PM",You can use some of my steady pace and I can use some of your speed! Youâ€™re killing it! 
"Oct 13, 2025, 12:36:31 PM",Yaaay! 
